<ImportExportXml xmlns:xsi="http://www.w3.org/2001/XMLSchema-instance">
  <Entities>
    <Entity>
      <Name LocalizedName="COVIDTrackerData" OriginalName="New table">cr6a8_newtable</Name>
      <EntityInfo>
        <entity Name="cr6a8_newtable">
          <LocalizedNames>
            <LocalizedName description="COVIDTrackerData" languagecode="1033" />
          </LocalizedNames>
          <LocalizedCollectionNames>
            <LocalizedCollectionName description="COVIDTrackerData" languagecode="1033" />
          </LocalizedCollectionNames>
          <Descriptions>
            <Description description="" languagecode="1033" />
          </Descriptions>
          <attributes>
            <attribute PhysicalName="cr6a8_Date">
              <Type>datetime</Type>
              <Name>cr6a8_date</Name>
              <LogicalName>cr6a8_date</LogicalName>
              <RequiredLevel>none</RequiredLevel>
              <DisplayMask>ValidForForm|ValidForGrid</DisplayMask>
              <ImeMode>auto</ImeMode>
              <ValidForUpdateApi>1</ValidForUpdateApi>
              <ValidForReadApi>1</ValidForReadApi>
              <ValidForCreateApi>1</ValidForCreateApi>
              <IsCustomField>1</IsCustomField>
              <IsAuditEnabled>1</IsAuditEnabled>
              <IsSecured>0</IsSecured>
              <IntroducedVersion>1.0</IntroducedVersion>
              <IsCustomizable>1</IsCustomizable>
              <IsRenameable>1</IsRenameable>
              <CanModifySearchSettings>1</CanModifySearchSettings>
              <CanModifyRequirementLevelSettings>1</CanModifyRequirementLevelSettings>
              <CanModifyAdditionalSettings>1</CanModifyAdditionalSettings>
              <SourceType>0</SourceType>
              <IsGlobalFilterEnabled>0</IsGlobalFilterEnabled>
              <IsSortableEnabled>0</IsSortableEnabled>
              <CanModifyGlobalFilterSettings>1</CanModifyGlobalFilterSettings>
              <CanModifyIsSortableSettings>1</CanModifyIsSortableSettings>
              <IsDataSourceSecret>0</IsDataSourceSecret>
              <AutoNumberFormat></AutoNumberFormat>
              <IsSearchable>0</IsSearchable>
              <IsFilterable>0</IsFilterable>
              <IsRetrievable>0</IsRetrievable>
              <IsLocalizable>0</IsLocalizable>
              <Format>datetime</Format>
              <CanChangeDateTimeBehavior>1</CanChangeDateTimeBehavior>
              <Behavior>1</Behavior>
              <displaynames>
                <displayname description="Date" languagecode="1033" />
              </displaynames>
              <Descriptions>
                <Description description="" languagecode="1033" />
              </Descriptions>
            </attribute>
            <attribute PhysicalName="cr6a8_DateString">
              <Type>nvarchar</Type>
              <Name>cr6a8_datestring</Name>
              <LogicalName>cr6a8_datestring</LogicalName>
              <RequiredLevel>none</RequiredLevel>
              <DisplayMask>ValidForAdvancedFind|ValidForForm|ValidForGrid</DisplayMask>
              <ImeMode>auto</ImeMode>
              <ValidForUpdateApi>1</ValidForUpdateApi>
              <ValidForReadApi>1</ValidForReadApi>
              <ValidForCreateApi>1</ValidForCreateApi>
              <IsCustomField>1</IsCustomField>
              <IsAuditEnabled>1</IsAuditEnabled>
              <IsSecured>0</IsSecured>
              <IntroducedVersion>1.0</IntroducedVersion>
              <IsCustomizable>1</IsCustomizable>
              <IsRenameable>1</IsRenameable>
              <CanModifySearchSettings>1</CanModifySearchSettings>
              <CanModifyRequirementLevelSettings>1</CanModifyRequirementLevelSettings>
              <CanModifyAdditionalSettings>1</CanModifyAdditionalSettings>
              <SourceType>0</SourceType>
              <IsGlobalFilterEnabled>0</IsGlobalFilterEnabled>
              <IsSortableEnabled>0</IsSortableEnabled>
              <CanModifyGlobalFilterSettings>1</CanModifyGlobalFilterSettings>
              <CanModifyIsSortableSettings>1</CanModifyIsSortableSettings>
              <IsDataSourceSecret>0</IsDataSourceSecret>
              <AutoNumberFormat></AutoNumberFormat>
              <IsSearchable>0</IsSearchable>
              <IsFilterable>0</IsFilterable>
              <IsRetrievable>0</IsRetrievable>
              <IsLocalizable>0</IsLocalizable>
              <Format>text</Format>
              <MaxLength>100</MaxLength>
              <Length>200</Length>
              <displaynames>
                <displayname description="DateString" languagecode="1033" />
              </displaynames>
              <Descriptions>
                <Description description="" languagecode="1033" />
              </Descriptions>
            </attribute>
            <attribute PhysicalName="cr6a8_Location">
              <Type>nvarchar</Type>
              <Name>cr6a8_location</Name>
              <LogicalName>cr6a8_location</LogicalName>
              <RequiredLevel>required</RequiredLevel>
              <DisplayMask>PrimaryName|ValidForAdvancedFind|ValidForForm|ValidForGrid|RequiredForForm</DisplayMask>
              <ImeMode>auto</ImeMode>
              <ValidForUpdateApi>1</ValidForUpdateApi>
              <ValidForReadApi>1</ValidForReadApi>
              <ValidForCreateApi>1</ValidForCreateApi>
              <IsCustomField>1</IsCustomField>
              <IsAuditEnabled>1</IsAuditEnabled>
              <IsSecured>0</IsSecured>
              <IntroducedVersion>1.0</IntroducedVersion>
              <IsCustomizable>1</IsCustomizable>
              <IsRenameable>1</IsRenameable>
              <CanModifySearchSettings>1</CanModifySearchSettings>
              <CanModifyRequirementLevelSettings>1</CanModifyRequirementLevelSettings>
              <CanModifyAdditionalSettings>1</CanModifyAdditionalSettings>
              <SourceType>0</SourceType>
              <IsGlobalFilterEnabled>0</IsGlobalFilterEnabled>
              <IsSortableEnabled>0</IsSortableEnabled>
              <CanModifyGlobalFilterSettings>1</CanModifyGlobalFilterSettings>
              <CanModifyIsSortableSettings>1</CanModifyIsSortableSettings>
              <IsDataSourceSecret>0</IsDataSourceSecret>
              <AutoNumberFormat></AutoNumberFormat>
              <IsSearchable>1</IsSearchable>
              <IsFilterable>0</IsFilterable>
              <IsRetrievable>1</IsRetrievable>
              <IsLocalizable>0</IsLocalizable>
              <Format>text</Format>
              <MaxLength>100</MaxLength>
              <Length>200</Length>
              <displaynames>
                <displayname description="Location" languagecode="1033" />
              </displaynames>
              <Descriptions>
                <Description description="" languagecode="1033" />
              </Descriptions>
            </attribute>
            <attribute PhysicalName="cr6a8_NewCases">
              <Type>int</Type>
              <Name>cr6a8_newcases</Name>
              <LogicalName>cr6a8_newcases</LogicalName>
              <RequiredLevel>none</RequiredLevel>
              <DisplayMask>ValidForForm|ValidForGrid</DisplayMask>
              <ImeMode>disabled</ImeMode>
              <ValidForUpdateApi>1</ValidForUpdateApi>
              <ValidForReadApi>1</ValidForReadApi>
              <ValidForCreateApi>1</ValidForCreateApi>
              <IsCustomField>1</IsCustomField>
              <IsAuditEnabled>1</IsAuditEnabled>
              <IsSecured>0</IsSecured>
              <IntroducedVersion>1.0</IntroducedVersion>
              <IsCustomizable>1</IsCustomizable>
              <IsRenameable>1</IsRenameable>
              <CanModifySearchSettings>1</CanModifySearchSettings>
              <CanModifyRequirementLevelSettings>1</CanModifyRequirementLevelSettings>
              <CanModifyAdditionalSettings>1</CanModifyAdditionalSettings>
              <SourceType>0</SourceType>
              <IsGlobalFilterEnabled>0</IsGlobalFilterEnabled>
              <IsSortableEnabled>0</IsSortableEnabled>
              <CanModifyGlobalFilterSettings>1</CanModifyGlobalFilterSettings>
              <CanModifyIsSortableSettings>1</CanModifyIsSortableSettings>
              <IsDataSourceSecret>0</IsDataSourceSecret>
              <AutoNumberFormat></AutoNumberFormat>
              <IsSearchable>0</IsSearchable>
              <IsFilterable>0</IsFilterable>
              <IsRetrievable>0</IsRetrievable>
              <IsLocalizable>0</IsLocalizable>
              <Format>none</Format>
              <MinValue>-2147483648</MinValue>
              <MaxValue>2147483647</MaxValue>
              <displaynames>
                <displayname description="New Cases" languagecode="1033" />
              </displaynames>
              <Descriptions>
                <Description description="" languagecode="1033" />
              </Descriptions>
            </attribute>
            <attribute PhysicalName="cr6a8_NewDeaths">
              <Type>int</Type>
              <Name>cr6a8_newdeaths</Name>
              <LogicalName>cr6a8_newdeaths</LogicalName>
              <RequiredLevel>none</RequiredLevel>
              <DisplayMask>ValidForForm|ValidForGrid</DisplayMask>
              <ImeMode>disabled</ImeMode>
              <ValidForUpdateApi>1</ValidForUpdateApi>
              <ValidForReadApi>1</ValidForReadApi>
              <ValidForCreateApi>1</ValidForCreateApi>
              <IsCustomField>1</IsCustomField>
              <IsAuditEnabled>1</IsAuditEnabled>
              <IsSecured>0</IsSecured>
              <IntroducedVersion>1.0</IntroducedVersion>
              <IsCustomizable>1</IsCustomizable>
              <IsRenameable>1</IsRenameable>
              <CanModifySearchSettings>1</CanModifySearchSettings>
              <CanModifyRequirementLevelSettings>1</CanModifyRequirementLevelSettings>
              <CanModifyAdditionalSettings>1</CanModifyAdditionalSettings>
              <SourceType>0</SourceType>
              <IsGlobalFilterEnabled>0</IsGlobalFilterEnabled>
              <IsSortableEnabled>0</IsSortableEnabled>
              <CanModifyGlobalFilterSettings>1</CanModifyGlobalFilterSettings>
              <CanModifyIsSortableSettings>1</CanModifyIsSortableSettings>
              <IsDataSourceSecret>0</IsDataSourceSecret>
              <AutoNumberFormat></AutoNumberFormat>
              <IsSearchable>0</IsSearchable>
              <IsFilterable>0</IsFilterable>
              <IsRetrievable>0</IsRetrievable>
              <IsLocalizable>0</IsLocalizable>
              <Format>none</Format>
              <MinValue>-2147483648</MinValue>
              <MaxValue>2147483647</MaxValue>
              <displaynames>
                <displayname description="New Deaths" languagecode="1033" />
              </displaynames>
              <Descriptions>
                <Description description="" languagecode="1033" />
              </Descriptions>
            </attribute>
            <attribute PhysicalName="cr6a8_newtableId">
              <Type>primarykey</Type>
              <Name>cr6a8_newtableid</Name>
              <LogicalName>cr6a8_newtableid</LogicalName>
              <RequiredLevel>systemrequired</RequiredLevel>
              <DisplayMask>ValidForAdvancedFind|RequiredForGrid</DisplayMask>
              <ImeMode>auto</ImeMode>
              <ValidForUpdateApi>0</ValidForUpdateApi>
              <ValidForReadApi>1</ValidForReadApi>
              <ValidForCreateApi>1</ValidForCreateApi>
              <IsCustomField>0</IsCustomField>
              <IsAuditEnabled>0</IsAuditEnabled>
              <IsSecured>0</IsSecured>
              <IntroducedVersion>1.0</IntroducedVersion>
              <IsCustomizable>1</IsCustomizable>
              <IsRenameable>1</IsRenameable>
              <CanModifySearchSettings>1</CanModifySearchSettings>
              <CanModifyRequirementLevelSettings>0</CanModifyRequirementLevelSettings>
              <CanModifyAdditionalSettings>1</CanModifyAdditionalSettings>
              <SourceType>0</SourceType>
              <IsGlobalFilterEnabled>0</IsGlobalFilterEnabled>
              <IsSortableEnabled>0</IsSortableEnabled>
              <CanModifyGlobalFilterSettings>1</CanModifyGlobalFilterSettings>
              <CanModifyIsSortableSettings>1</CanModifyIsSortableSettings>
              <IsDataSourceSecret>0</IsDataSourceSecret>
              <AutoNumberFormat></AutoNumberFormat>
              <IsSearchable>0</IsSearchable>
              <IsFilterable>1</IsFilterable>
              <IsRetrievable>1</IsRetrievable>
              <IsLocalizable>0</IsLocalizable>
              <displaynames>
                <displayname description="New table" languagecode="1033" />
              </displaynames>
              <Descriptions>
                <Description description="Unique identifier for entity instances" languagecode="1033" />
              </Descriptions>
            </attribute>
            <attribute PhysicalName="cr6a8_TotalCases">
              <Type>int</Type>
              <Name>cr6a8_totalcases</Name>
              <LogicalName>cr6a8_totalcases</LogicalName>
              <RequiredLevel>none</RequiredLevel>
              <DisplayMask>ValidForForm|ValidForGrid</DisplayMask>
              <ImeMode>disabled</ImeMode>
              <ValidForUpdateApi>1</ValidForUpdateApi>
              <ValidForReadApi>1</ValidForReadApi>
              <ValidForCreateApi>1</ValidForCreateApi>
              <IsCustomField>1</IsCustomField>
              <IsAuditEnabled>1</IsAuditEnabled>
              <IsSecured>0</IsSecured>
              <IntroducedVersion>1.0</IntroducedVersion>
              <IsCustomizable>1</IsCustomizable>
              <IsRenameable>1</IsRenameable>
              <CanModifySearchSettings>1</CanModifySearchSettings>
              <CanModifyRequirementLevelSettings>1</CanModifyRequirementLevelSettings>
              <CanModifyAdditionalSettings>1</CanModifyAdditionalSettings>
              <SourceType>0</SourceType>
              <IsGlobalFilterEnabled>0</IsGlobalFilterEnabled>
              <IsSortableEnabled>0</IsSortableEnabled>
              <CanModifyGlobalFilterSettings>1</CanModifyGlobalFilterSettings>
              <CanModifyIsSortableSettings>1</CanModifyIsSortableSettings>
              <IsDataSourceSecret>0</IsDataSourceSecret>
              <AutoNumberFormat></AutoNumberFormat>
              <IsSearchable>0</IsSearchable>
              <IsFilterable>0</IsFilterable>
              <IsRetrievable>0</IsRetrievable>
              <IsLocalizable>0</IsLocalizable>
              <Format>none</Format>
              <MinValue>-2147483648</MinValue>
              <MaxValue>2147483647</MaxValue>
              <displaynames>
                <displayname description="Total Cases" languagecode="1033" />
              </displaynames>
              <Descriptions>
                <Description description="" languagecode="1033" />
              </Descriptions>
            </attribute>
            <attribute PhysicalName="cr6a8_TotalDeaths">
              <Type>int</Type>
              <Name>cr6a8_totaldeaths</Name>
              <LogicalName>cr6a8_totaldeaths</LogicalName>
              <RequiredLevel>none</RequiredLevel>
              <DisplayMask>ValidForForm|ValidForGrid</DisplayMask>
              <ImeMode>disabled</ImeMode>
              <ValidForUpdateApi>1</ValidForUpdateApi>
              <ValidForReadApi>1</ValidForReadApi>
              <ValidForCreateApi>1</ValidForCreateApi>
              <IsCustomField>1</IsCustomField>
              <IsAuditEnabled>1</IsAuditEnabled>
              <IsSecured>0</IsSecured>
              <IntroducedVersion>1.0</IntroducedVersion>
              <IsCustomizable>1</IsCustomizable>
              <IsRenameable>1</IsRenameable>
              <CanModifySearchSettings>1</CanModifySearchSettings>
              <CanModifyRequirementLevelSettings>1</CanModifyRequirementLevelSettings>
              <CanModifyAdditionalSettings>1</CanModifyAdditionalSettings>
              <SourceType>0</SourceType>
              <IsGlobalFilterEnabled>0</IsGlobalFilterEnabled>
              <IsSortableEnabled>0</IsSortableEnabled>
              <CanModifyGlobalFilterSettings>1</CanModifyGlobalFilterSettings>
              <CanModifyIsSortableSettings>1</CanModifyIsSortableSettings>
              <IsDataSourceSecret>0</IsDataSourceSecret>
              <AutoNumberFormat></AutoNumberFormat>
              <IsSearchable>0</IsSearchable>
              <IsFilterable>0</IsFilterable>
              <IsRetrievable>0</IsRetrievable>
              <IsLocalizable>0</IsLocalizable>
              <Format>none</Format>
              <MinValue>-2147483648</MinValue>
              <MaxValue>2147483647</MaxValue>
              <displaynames>
                <displayname description="Total Deaths" languagecode="1033" />
              </displaynames>
              <Descriptions>
                <Description description="" languagecode="1033" />
              </Descriptions>
            </attribute>
            <attribute PhysicalName="cr6a8_WeeklyCases">
              <Type>int</Type>
              <Name>cr6a8_weeklycases</Name>
              <LogicalName>cr6a8_weeklycases</LogicalName>
              <RequiredLevel>none</RequiredLevel>
              <DisplayMask>ValidForForm|ValidForGrid</DisplayMask>
              <ImeMode>disabled</ImeMode>
              <ValidForUpdateApi>1</ValidForUpdateApi>
              <ValidForReadApi>1</ValidForReadApi>
              <ValidForCreateApi>1</ValidForCreateApi>
              <IsCustomField>1</IsCustomField>
              <IsAuditEnabled>1</IsAuditEnabled>
              <IsSecured>0</IsSecured>
              <IntroducedVersion>1.0</IntroducedVersion>
              <IsCustomizable>1</IsCustomizable>
              <IsRenameable>1</IsRenameable>
              <CanModifySearchSettings>1</CanModifySearchSettings>
              <CanModifyRequirementLevelSettings>1</CanModifyRequirementLevelSettings>
              <CanModifyAdditionalSettings>1</CanModifyAdditionalSettings>
              <SourceType>0</SourceType>
              <IsGlobalFilterEnabled>0</IsGlobalFilterEnabled>
              <IsSortableEnabled>0</IsSortableEnabled>
              <CanModifyGlobalFilterSettings>1</CanModifyGlobalFilterSettings>
              <CanModifyIsSortableSettings>1</CanModifyIsSortableSettings>
              <IsDataSourceSecret>0</IsDataSourceSecret>
              <AutoNumberFormat></AutoNumberFormat>
              <IsSearchable>0</IsSearchable>
              <IsFilterable>0</IsFilterable>
              <IsRetrievable>0</IsRetrievable>
              <IsLocalizable>0</IsLocalizable>
              <Format>none</Format>
              <MinValue>-2147483648</MinValue>
              <MaxValue>2147483647</MaxValue>
              <displaynames>
                <displayname description="Weekly Cases" languagecode="1033" />
              </displaynames>
              <Descriptions>
                <Description description="" languagecode="1033" />
              </Descriptions>
            </attribute>
            <attribute PhysicalName="cr6a8_WeeklyDeaths">
              <Type>int</Type>
              <Name>cr6a8_weeklydeaths</Name>
              <LogicalName>cr6a8_weeklydeaths</LogicalName>
              <RequiredLevel>none</RequiredLevel>
              <DisplayMask>ValidForForm|ValidForGrid</DisplayMask>
              <ImeMode>disabled</ImeMode>
              <ValidForUpdateApi>1</ValidForUpdateApi>
              <ValidForReadApi>1</ValidForReadApi>
              <ValidForCreateApi>1</ValidForCreateApi>
              <IsCustomField>1</IsCustomField>
              <IsAuditEnabled>1</IsAuditEnabled>
              <IsSecured>0</IsSecured>
              <IntroducedVersion>1.0</IntroducedVersion>
              <IsCustomizable>1</IsCustomizable>
              <IsRenameable>1</IsRenameable>
              <CanModifySearchSettings>1</CanModifySearchSettings>
              <CanModifyRequirementLevelSettings>1</CanModifyRequirementLevelSettings>
              <CanModifyAdditionalSettings>1</CanModifyAdditionalSettings>
              <SourceType>0</SourceType>
              <IsGlobalFilterEnabled>0</IsGlobalFilterEnabled>
              <IsSortableEnabled>0</IsSortableEnabled>
              <CanModifyGlobalFilterSettings>1</CanModifyGlobalFilterSettings>
              <CanModifyIsSortableSettings>1</CanModifyIsSortableSettings>
              <IsDataSourceSecret>0</IsDataSourceSecret>
              <AutoNumberFormat></AutoNumberFormat>
              <IsSearchable>0</IsSearchable>
              <IsFilterable>0</IsFilterable>
              <IsRetrievable>0</IsRetrievable>
              <IsLocalizable>0</IsLocalizable>
              <Format>none</Format>
              <MinValue>-2147483648</MinValue>
              <MaxValue>2147483647</MaxValue>
              <displaynames>
                <displayname description="Weekly Deaths" languagecode="1033" />
              </displaynames>
              <Descriptions>
                <Description description="" languagecode="1033" />
              </Descriptions>
            </attribute>
            <attribute PhysicalName="CreatedBy">
              <Type>lookup</Type>
              <Name>createdby</Name>
              <LogicalName>createdby</LogicalName>
              <RequiredLevel>none</RequiredLevel>
              <DisplayMask>ValidForAdvancedFind|ValidForForm|ValidForGrid</DisplayMask>
              <ImeMode>auto</ImeMode>
              <ValidForUpdateApi>0</ValidForUpdateApi>
              <ValidForReadApi>1</ValidForReadApi>
              <ValidForCreateApi>0</ValidForCreateApi>
              <IsCustomField>0</IsCustomField>
              <IsAuditEnabled>0</IsAuditEnabled>
              <IsSecured>0</IsSecured>
              <IntroducedVersion>1.0</IntroducedVersion>
              <IsCustomizable>1</IsCustomizable>
              <IsRenameable>1</IsRenameable>
              <CanModifySearchSettings>1</CanModifySearchSettings>
              <CanModifyRequirementLevelSettings>1</CanModifyRequirementLevelSettings>
              <CanModifyAdditionalSettings>1</CanModifyAdditionalSettings>
              <SourceType>0</SourceType>
              <IsGlobalFilterEnabled>0</IsGlobalFilterEnabled>
              <IsSortableEnabled>0</IsSortableEnabled>
              <CanModifyGlobalFilterSettings>1</CanModifyGlobalFilterSettings>
              <CanModifyIsSortableSettings>1</CanModifyIsSortableSettings>
              <IsDataSourceSecret>0</IsDataSourceSecret>
              <AutoNumberFormat></AutoNumberFormat>
              <IsSearchable>0</IsSearchable>
              <IsFilterable>0</IsFilterable>
              <IsRetrievable>0</IsRetrievable>
              <IsLocalizable>0</IsLocalizable>
              <LookupStyle>single</LookupStyle>
              <LookupTypes />
              <displaynames>
                <displayname description="Created By" languagecode="1033" />
              </displaynames>
              <Descriptions>
                <Description description="Unique identifier of the user who created the record." languagecode="1033" />
              </Descriptions>
            </attribute>
            <attribute PhysicalName="CreatedOn">
              <Type>datetime</Type>
              <Name>createdon</Name>
              <LogicalName>createdon</LogicalName>
              <RequiredLevel>none</RequiredLevel>
              <DisplayMask>ValidForAdvancedFind|ValidForForm|ValidForGrid</DisplayMask>
              <ImeMode>inactive</ImeMode>
              <ValidForUpdateApi>0</ValidForUpdateApi>
              <ValidForReadApi>1</ValidForReadApi>
              <ValidForCreateApi>0</ValidForCreateApi>
              <IsCustomField>0</IsCustomField>
              <IsAuditEnabled>0</IsAuditEnabled>
              <IsSecured>0</IsSecured>
              <IntroducedVersion>1.0</IntroducedVersion>
              <IsCustomizable>1</IsCustomizable>
              <IsRenameable>1</IsRenameable>
              <CanModifySearchSettings>1</CanModifySearchSettings>
              <CanModifyRequirementLevelSettings>1</CanModifyRequirementLevelSettings>
              <CanModifyAdditionalSettings>1</CanModifyAdditionalSettings>
              <SourceType>0</SourceType>
              <IsGlobalFilterEnabled>0</IsGlobalFilterEnabled>
              <IsSortableEnabled>0</IsSortableEnabled>
              <CanModifyGlobalFilterSettings>1</CanModifyGlobalFilterSettings>
              <CanModifyIsSortableSettings>1</CanModifyIsSortableSettings>
              <IsDataSourceSecret>0</IsDataSourceSecret>
              <AutoNumberFormat></AutoNumberFormat>
              <IsSearchable>0</IsSearchable>
              <IsFilterable>1</IsFilterable>
              <IsRetrievable>1</IsRetrievable>
              <IsLocalizable>0</IsLocalizable>
              <Format>datetime</Format>
              <CanChangeDateTimeBehavior>0</CanChangeDateTimeBehavior>
              <Behavior>1</Behavior>
              <displaynames>
                <displayname description="Created On" languagecode="1033" />
              </displaynames>
              <Descriptions>
                <Description description="Date and time when the record was created." languagecode="1033" />
              </Descriptions>
            </attribute>
            <attribute PhysicalName="CreatedOnBehalfBy">
              <Type>lookup</Type>
              <Name>createdonbehalfby</Name>
              <LogicalName>createdonbehalfby</LogicalName>
              <RequiredLevel>none</RequiredLevel>
              <DisplayMask>ValidForAdvancedFind|ValidForForm|ValidForGrid</DisplayMask>
              <ImeMode>auto</ImeMode>
              <ValidForUpdateApi>0</ValidForUpdateApi>
              <ValidForReadApi>1</ValidForReadApi>
              <ValidForCreateApi>0</ValidForCreateApi>
              <IsCustomField>0</IsCustomField>
              <IsAuditEnabled>0</IsAuditEnabled>
              <IsSecured>0</IsSecured>
              <IntroducedVersion>1.0</IntroducedVersion>
              <IsCustomizable>1</IsCustomizable>
              <IsRenameable>1</IsRenameable>
              <CanModifySearchSettings>1</CanModifySearchSettings>
              <CanModifyRequirementLevelSettings>1</CanModifyRequirementLevelSettings>
              <CanModifyAdditionalSettings>1</CanModifyAdditionalSettings>
              <SourceType>0</SourceType>
              <IsGlobalFilterEnabled>0</IsGlobalFilterEnabled>
              <IsSortableEnabled>0</IsSortableEnabled>
              <CanModifyGlobalFilterSettings>1</CanModifyGlobalFilterSettings>
              <CanModifyIsSortableSettings>1</CanModifyIsSortableSettings>
              <IsDataSourceSecret>0</IsDataSourceSecret>
              <AutoNumberFormat></AutoNumberFormat>
              <IsSearchable>0</IsSearchable>
              <IsFilterable>0</IsFilterable>
              <IsRetrievable>0</IsRetrievable>
              <IsLocalizable>0</IsLocalizable>
              <LookupStyle>single</LookupStyle>
              <LookupTypes />
              <displaynames>
                <displayname description="Created By (Delegate)" languagecode="1033" />
              </displaynames>
              <Descriptions>
                <Description description="Unique identifier of the delegate user who created the record." languagecode="1033" />
              </Descriptions>
            </attribute>
            <attribute PhysicalName="ImportSequenceNumber">
              <Type>int</Type>
              <Name>importsequencenumber</Name>
              <LogicalName>importsequencenumber</LogicalName>
              <RequiredLevel>none</RequiredLevel>
              <DisplayMask>ValidForAdvancedFind</DisplayMask>
              <ImeMode>disabled</ImeMode>
              <ValidForUpdateApi>0</ValidForUpdateApi>
              <ValidForReadApi>1</ValidForReadApi>
              <ValidForCreateApi>1</ValidForCreateApi>
              <IsCustomField>0</IsCustomField>
              <IsAuditEnabled>1</IsAuditEnabled>
              <IsSecured>0</IsSecured>
              <IntroducedVersion>1.0</IntroducedVersion>
              <IsCustomizable>1</IsCustomizable>
              <IsRenameable>1</IsRenameable>
              <CanModifySearchSettings>1</CanModifySearchSettings>
              <CanModifyRequirementLevelSettings>1</CanModifyRequirementLevelSettings>
              <CanModifyAdditionalSettings>1</CanModifyAdditionalSettings>
              <SourceType>0</SourceType>
              <IsGlobalFilterEnabled>0</IsGlobalFilterEnabled>
              <IsSortableEnabled>0</IsSortableEnabled>
              <CanModifyGlobalFilterSettings>1</CanModifyGlobalFilterSettings>
              <CanModifyIsSortableSettings>1</CanModifyIsSortableSettings>
              <IsDataSourceSecret>0</IsDataSourceSecret>
              <AutoNumberFormat></AutoNumberFormat>
              <IsSearchable>0</IsSearchable>
              <IsFilterable>0</IsFilterable>
              <IsRetrievable>0</IsRetrievable>
              <IsLocalizable>0</IsLocalizable>
              <Format></Format>
              <MinValue>-2147483648</MinValue>
              <MaxValue>2147483647</MaxValue>
              <displaynames>
                <displayname description="Import Sequence Number" languagecode="1033" />
              </displaynames>
              <Descriptions>
                <Description description="Sequence number of the import that created this record." languagecode="1033" />
              </Descriptions>
            </attribute>
            <attribute PhysicalName="ModifiedBy">
              <Type>lookup</Type>
              <Name>modifiedby</Name>
              <LogicalName>modifiedby</LogicalName>
              <RequiredLevel>none</RequiredLevel>
              <DisplayMask>ValidForAdvancedFind|ValidForForm|ValidForGrid</DisplayMask>
              <ImeMode>auto</ImeMode>
              <ValidForUpdateApi>0</ValidForUpdateApi>
              <ValidForReadApi>1</ValidForReadApi>
              <ValidForCreateApi>0</ValidForCreateApi>
              <IsCustomField>0</IsCustomField>
              <IsAuditEnabled>0</IsAuditEnabled>
              <IsSecured>0</IsSecured>
              <IntroducedVersion>1.0</IntroducedVersion>
              <IsCustomizable>1</IsCustomizable>
              <IsRenameable>1</IsRenameable>
              <CanModifySearchSettings>1</CanModifySearchSettings>
              <CanModifyRequirementLevelSettings>1</CanModifyRequirementLevelSettings>
              <CanModifyAdditionalSettings>1</CanModifyAdditionalSettings>
              <SourceType>0</SourceType>
              <IsGlobalFilterEnabled>0</IsGlobalFilterEnabled>
              <IsSortableEnabled>0</IsSortableEnabled>
              <CanModifyGlobalFilterSettings>1</CanModifyGlobalFilterSettings>
              <CanModifyIsSortableSettings>1</CanModifyIsSortableSettings>
              <IsDataSourceSecret>0</IsDataSourceSecret>
              <AutoNumberFormat></AutoNumberFormat>
              <IsSearchable>0</IsSearchable>
              <IsFilterable>0</IsFilterable>
              <IsRetrievable>0</IsRetrievable>
              <IsLocalizable>0</IsLocalizable>
              <LookupStyle>single</LookupStyle>
              <LookupTypes />
              <displaynames>
                <displayname description="Modified By" languagecode="1033" />
              </displaynames>
              <Descriptions>
                <Description description="Unique identifier of the user who modified the record." languagecode="1033" />
              </Descriptions>
            </attribute>
            <attribute PhysicalName="ModifiedOn">
              <Type>datetime</Type>
              <Name>modifiedon</Name>
              <LogicalName>modifiedon</LogicalName>
              <RequiredLevel>none</RequiredLevel>
              <DisplayMask>ValidForAdvancedFind|ValidForForm|ValidForGrid</DisplayMask>
              <ImeMode>inactive</ImeMode>
              <ValidForUpdateApi>0</ValidForUpdateApi>
              <ValidForReadApi>1</ValidForReadApi>
              <ValidForCreateApi>0</ValidForCreateApi>
              <IsCustomField>0</IsCustomField>
              <IsAuditEnabled>0</IsAuditEnabled>
              <IsSecured>0</IsSecured>
              <IntroducedVersion>1.0</IntroducedVersion>
              <IsCustomizable>1</IsCustomizable>
              <IsRenameable>1</IsRenameable>
              <CanModifySearchSettings>1</CanModifySearchSettings>
              <CanModifyRequirementLevelSettings>1</CanModifyRequirementLevelSettings>
              <CanModifyAdditionalSettings>1</CanModifyAdditionalSettings>
              <SourceType>0</SourceType>
              <IsGlobalFilterEnabled>0</IsGlobalFilterEnabled>
              <IsSortableEnabled>0</IsSortableEnabled>
              <CanModifyGlobalFilterSettings>1</CanModifyGlobalFilterSettings>
              <CanModifyIsSortableSettings>1</CanModifyIsSortableSettings>
              <IsDataSourceSecret>0</IsDataSourceSecret>
              <AutoNumberFormat></AutoNumberFormat>
              <IsSearchable>0</IsSearchable>
              <IsFilterable>1</IsFilterable>
              <IsRetrievable>1</IsRetrievable>
              <IsLocalizable>0</IsLocalizable>
              <Format>datetime</Format>
              <CanChangeDateTimeBehavior>0</CanChangeDateTimeBehavior>
              <Behavior>1</Behavior>
              <displaynames>
                <displayname description="Modified On" languagecode="1033" />
              </displaynames>
              <Descriptions>
                <Description description="Date and time when the record was modified." languagecode="1033" />
              </Descriptions>
            </attribute>
            <attribute PhysicalName="ModifiedOnBehalfBy">
              <Type>lookup</Type>
              <Name>modifiedonbehalfby</Name>
              <LogicalName>modifiedonbehalfby</LogicalName>
              <RequiredLevel>none</RequiredLevel>
              <DisplayMask>ValidForAdvancedFind|ValidForForm|ValidForGrid</DisplayMask>
              <ImeMode>auto</ImeMode>
              <ValidForUpdateApi>0</ValidForUpdateApi>
              <ValidForReadApi>1</ValidForReadApi>
              <ValidForCreateApi>0</ValidForCreateApi>
              <IsCustomField>0</IsCustomField>
              <IsAuditEnabled>0</IsAuditEnabled>
              <IsSecured>0</IsSecured>
              <IntroducedVersion>1.0</IntroducedVersion>
              <IsCustomizable>1</IsCustomizable>
              <IsRenameable>1</IsRenameable>
              <CanModifySearchSettings>1</CanModifySearchSettings>
              <CanModifyRequirementLevelSettings>1</CanModifyRequirementLevelSettings>
              <CanModifyAdditionalSettings>1</CanModifyAdditionalSettings>
              <SourceType>0</SourceType>
              <IsGlobalFilterEnabled>0</IsGlobalFilterEnabled>
              <IsSortableEnabled>0</IsSortableEnabled>
              <CanModifyGlobalFilterSettings>1</CanModifyGlobalFilterSettings>
              <CanModifyIsSortableSettings>1</CanModifyIsSortableSettings>
              <IsDataSourceSecret>0</IsDataSourceSecret>
              <AutoNumberFormat></AutoNumberFormat>
              <IsSearchable>0</IsSearchable>
              <IsFilterable>0</IsFilterable>
              <IsRetrievable>0</IsRetrievable>
              <IsLocalizable>0</IsLocalizable>
              <LookupStyle>single</LookupStyle>
              <LookupTypes />
              <displaynames>
                <displayname description="Modified By (Delegate)" languagecode="1033" />
              </displaynames>
              <Descriptions>
                <Description description="Unique identifier of the delegate user who modified the record." languagecode="1033" />
              </Descriptions>
            </attribute>
            <attribute PhysicalName="OverriddenCreatedOn">
              <Type>datetime</Type>
              <Name>overriddencreatedon</Name>
              <LogicalName>overriddencreatedon</LogicalName>
              <RequiredLevel>none</RequiredLevel>
              <DisplayMask>ValidForAdvancedFind|ValidForGrid</DisplayMask>
              <ImeMode>inactive</ImeMode>
              <ValidForUpdateApi>0</ValidForUpdateApi>
              <ValidForReadApi>1</ValidForReadApi>
              <ValidForCreateApi>1</ValidForCreateApi>
              <IsCustomField>0</IsCustomField>
              <IsAuditEnabled>1</IsAuditEnabled>
              <IsSecured>0</IsSecured>
              <IntroducedVersion>1.0</IntroducedVersion>
              <IsCustomizable>1</IsCustomizable>
              <IsRenameable>1</IsRenameable>
              <CanModifySearchSettings>1</CanModifySearchSettings>
              <CanModifyRequirementLevelSettings>1</CanModifyRequirementLevelSettings>
              <CanModifyAdditionalSettings>1</CanModifyAdditionalSettings>
              <SourceType>0</SourceType>
              <IsGlobalFilterEnabled>0</IsGlobalFilterEnabled>
              <IsSortableEnabled>0</IsSortableEnabled>
              <CanModifyGlobalFilterSettings>1</CanModifyGlobalFilterSettings>
              <CanModifyIsSortableSettings>1</CanModifyIsSortableSettings>
              <IsDataSourceSecret>0</IsDataSourceSecret>
              <AutoNumberFormat></AutoNumberFormat>
              <IsSearchable>0</IsSearchable>
              <IsFilterable>0</IsFilterable>
              <IsRetrievable>0</IsRetrievable>
              <IsLocalizable>0</IsLocalizable>
              <Format>date</Format>
              <CanChangeDateTimeBehavior>0</CanChangeDateTimeBehavior>
              <Behavior>1</Behavior>
              <displaynames>
                <displayname description="Record Created On" languagecode="1033" />
              </displaynames>
              <Descriptions>
                <Description description="Date and time that the record was migrated." languagecode="1033" />
              </Descriptions>
            </attribute>
            <attribute PhysicalName="OwnerId">
              <Type>owner</Type>
              <Name>ownerid</Name>
              <LogicalName>ownerid</LogicalName>
              <RequiredLevel>systemrequired</RequiredLevel>
              <DisplayMask>ValidForAdvancedFind|ValidForForm|ValidForGrid|RequiredForForm</DisplayMask>
              <ImeMode>auto</ImeMode>
              <ValidForUpdateApi>1</ValidForUpdateApi>
              <ValidForReadApi>1</ValidForReadApi>
              <ValidForCreateApi>1</ValidForCreateApi>
              <IsCustomField>0</IsCustomField>
              <IsAuditEnabled>1</IsAuditEnabled>
              <IsSecured>0</IsSecured>
              <IntroducedVersion>1.0</IntroducedVersion>
              <IsCustomizable>1</IsCustomizable>
              <IsRenameable>1</IsRenameable>
              <CanModifySearchSettings>1</CanModifySearchSettings>
              <CanModifyRequirementLevelSettings>1</CanModifyRequirementLevelSettings>
              <CanModifyAdditionalSettings>1</CanModifyAdditionalSettings>
              <SourceType>0</SourceType>
              <IsGlobalFilterEnabled>0</IsGlobalFilterEnabled>
              <IsSortableEnabled>0</IsSortableEnabled>
              <CanModifyGlobalFilterSettings>1</CanModifyGlobalFilterSettings>
              <CanModifyIsSortableSettings>1</CanModifyIsSortableSettings>
              <IsDataSourceSecret>0</IsDataSourceSecret>
              <AutoNumberFormat></AutoNumberFormat>
              <IsSearchable>0</IsSearchable>
              <IsFilterable>1</IsFilterable>
              <IsRetrievable>0</IsRetrievable>
              <IsLocalizable>0</IsLocalizable>
              <LookupStyle>single</LookupStyle>
              <LookupTypes>
                <LookupType id="00000000-0000-0000-0000-000000000000">8</LookupType>
                <LookupType id="00000000-0000-0000-0000-000000000000">9</LookupType>
              </LookupTypes>
              <displaynames>
                <displayname description="Owner" languagecode="1033" />
              </displaynames>
              <Descriptions>
                <Description description="Owner Id" languagecode="1033" />
              </Descriptions>
            </attribute>
            <attribute PhysicalName="OwningBusinessUnit">
              <Type>lookup</Type>
              <Name>owningbusinessunit</Name>
              <LogicalName>owningbusinessunit</LogicalName>
              <RequiredLevel>systemrequired</RequiredLevel>
              <DisplayMask>ValidForAdvancedFind|ValidForForm|ValidForGrid</DisplayMask>
              <ImeMode>auto</ImeMode>
              <ValidForUpdateApi>0</ValidForUpdateApi>
              <ValidForReadApi>1</ValidForReadApi>
              <ValidForCreateApi>0</ValidForCreateApi>
              <IsCustomField>0</IsCustomField>
              <IsAuditEnabled>1</IsAuditEnabled>
              <IsSecured>0</IsSecured>
              <IntroducedVersion>1.0</IntroducedVersion>
              <IsCustomizable>1</IsCustomizable>
              <IsRenameable>1</IsRenameable>
              <CanModifySearchSettings>1</CanModifySearchSettings>
              <CanModifyRequirementLevelSettings>1</CanModifyRequirementLevelSettings>
              <CanModifyAdditionalSettings>1</CanModifyAdditionalSettings>
              <SourceType>0</SourceType>
              <IsGlobalFilterEnabled>0</IsGlobalFilterEnabled>
              <IsSortableEnabled>0</IsSortableEnabled>
              <CanModifyGlobalFilterSettings>1</CanModifyGlobalFilterSettings>
              <CanModifyIsSortableSettings>1</CanModifyIsSortableSettings>
              <IsDataSourceSecret>0</IsDataSourceSecret>
              <AutoNumberFormat></AutoNumberFormat>
              <IsSearchable>0</IsSearchable>
              <IsFilterable>1</IsFilterable>
              <IsRetrievable>0</IsRetrievable>
              <IsLocalizable>0</IsLocalizable>
              <LookupStyle>single</LookupStyle>
              <LookupTypes />
              <displaynames>
                <displayname description="Owning Business Unit" languagecode="1033" />
              </displaynames>
              <Descriptions>
                <Description description="Unique identifier for the business unit that owns the record" languagecode="1033" />
              </Descriptions>
            </attribute>
            <attribute PhysicalName="OwningTeam">
              <Type>lookup</Type>
              <Name>owningteam</Name>
              <LogicalName>owningteam</LogicalName>
              <RequiredLevel>none</RequiredLevel>
              <ImeMode>auto</ImeMode>
              <ValidForUpdateApi>0</ValidForUpdateApi>
              <ValidForReadApi>1</ValidForReadApi>
              <ValidForCreateApi>0</ValidForCreateApi>
              <IsCustomField>0</IsCustomField>
              <IsAuditEnabled>0</IsAuditEnabled>
              <IsLogical>1</IsLogical>
              <IsSecured>0</IsSecured>
              <IntroducedVersion>1.0</IntroducedVersion>
              <IsCustomizable>1</IsCustomizable>
              <IsRenameable>1</IsRenameable>
              <CanModifySearchSettings>1</CanModifySearchSettings>
              <CanModifyRequirementLevelSettings>1</CanModifyRequirementLevelSettings>
              <CanModifyAdditionalSettings>1</CanModifyAdditionalSettings>
              <SourceType>0</SourceType>
              <IsGlobalFilterEnabled>0</IsGlobalFilterEnabled>
              <IsSortableEnabled>0</IsSortableEnabled>
              <CanModifyGlobalFilterSettings>1</CanModifyGlobalFilterSettings>
              <CanModifyIsSortableSettings>1</CanModifyIsSortableSettings>
              <IsDataSourceSecret>0</IsDataSourceSecret>
              <AutoNumberFormat></AutoNumberFormat>
              <IsSearchable>0</IsSearchable>
              <IsFilterable>0</IsFilterable>
              <IsRetrievable>0</IsRetrievable>
              <IsLocalizable>0</IsLocalizable>
              <LookupStyle>single</LookupStyle>
              <LookupTypes />
              <displaynames>
                <displayname description="Owning Team" languagecode="1033" />
              </displaynames>
              <Descriptions>
                <Description description="Unique identifier for the team that owns the record." languagecode="1033" />
              </Descriptions>
            </attribute>
            <attribute PhysicalName="OwningUser">
              <Type>lookup</Type>
              <Name>owninguser</Name>
              <LogicalName>owninguser</LogicalName>
              <RequiredLevel>none</RequiredLevel>
              <ImeMode>auto</ImeMode>
              <ValidForUpdateApi>0</ValidForUpdateApi>
              <ValidForReadApi>1</ValidForReadApi>
              <ValidForCreateApi>0</ValidForCreateApi>
              <IsCustomField>0</IsCustomField>
              <IsAuditEnabled>0</IsAuditEnabled>
              <IsLogical>1</IsLogical>
              <IsSecured>0</IsSecured>
              <IntroducedVersion>1.0</IntroducedVersion>
              <IsCustomizable>1</IsCustomizable>
              <IsRenameable>1</IsRenameable>
              <CanModifySearchSettings>1</CanModifySearchSettings>
              <CanModifyRequirementLevelSettings>1</CanModifyRequirementLevelSettings>
              <CanModifyAdditionalSettings>1</CanModifyAdditionalSettings>
              <SourceType>0</SourceType>
              <IsGlobalFilterEnabled>0</IsGlobalFilterEnabled>
              <IsSortableEnabled>0</IsSortableEnabled>
              <CanModifyGlobalFilterSettings>1</CanModifyGlobalFilterSettings>
              <CanModifyIsSortableSettings>1</CanModifyIsSortableSettings>
              <IsDataSourceSecret>0</IsDataSourceSecret>
              <AutoNumberFormat></AutoNumberFormat>
              <IsSearchable>0</IsSearchable>
              <IsFilterable>0</IsFilterable>
              <IsRetrievable>0</IsRetrievable>
              <IsLocalizable>0</IsLocalizable>
              <LookupStyle>single</LookupStyle>
              <LookupTypes />
              <displaynames>
                <displayname description="Owning User" languagecode="1033" />
              </displaynames>
              <Descriptions>
                <Description description="Unique identifier for the user that owns the record." languagecode="1033" />
              </Descriptions>
            </attribute>
            <attribute PhysicalName="statecode">
              <Type>state</Type>
              <Name>statecode</Name>
              <LogicalName>statecode</LogicalName>
              <RequiredLevel>systemrequired</RequiredLevel>
              <DisplayMask>ValidForAdvancedFind|ValidForForm|ValidForGrid</DisplayMask>
              <ImeMode>auto</ImeMode>
              <ValidForUpdateApi>1</ValidForUpdateApi>
              <ValidForReadApi>1</ValidForReadApi>
              <ValidForCreateApi>0</ValidForCreateApi>
              <IsCustomField>0</IsCustomField>
              <IsAuditEnabled>1</IsAuditEnabled>
              <IsSecured>0</IsSecured>
              <IntroducedVersion>1.0</IntroducedVersion>
              <IsCustomizable>1</IsCustomizable>
              <IsRenameable>1</IsRenameable>
              <CanModifySearchSettings>1</CanModifySearchSettings>
              <CanModifyRequirementLevelSettings>1</CanModifyRequirementLevelSettings>
              <CanModifyAdditionalSettings>1</CanModifyAdditionalSettings>
              <SourceType>0</SourceType>
              <IsGlobalFilterEnabled>0</IsGlobalFilterEnabled>
              <IsSortableEnabled>0</IsSortableEnabled>
              <CanModifyGlobalFilterSettings>1</CanModifyGlobalFilterSettings>
              <CanModifyIsSortableSettings>1</CanModifyIsSortableSettings>
              <IsDataSourceSecret>0</IsDataSourceSecret>
              <AutoNumberFormat></AutoNumberFormat>
              <IsSearchable>0</IsSearchable>
              <IsFilterable>1</IsFilterable>
              <IsRetrievable>0</IsRetrievable>
              <IsLocalizable>0</IsLocalizable>
              <optionset Name="cr6a8_newtable_statecode">
                <OptionSetType>state</OptionSetType>
                <IntroducedVersion>1.0</IntroducedVersion>
                <IsCustomizable>1</IsCustomizable>
                <displaynames>
                  <displayname description="Status" languagecode="1033" />
                </displaynames>
                <Descriptions>
                  <Description description="Status of the New table" languagecode="1033" />
                </Descriptions>
                <states>
                  <state value="0" defaultstatus="1" invariantname="Active">
                    <labels>
                      <label description="Active" languagecode="1033" />
                    </labels>
                  </state>
                  <state value="1" defaultstatus="2" invariantname="Inactive">
                    <labels>
                      <label description="Inactive" languagecode="1033" />
                    </labels>
                  </state>
                </states>
              </optionset>
              <displaynames>
                <displayname description="Status" languagecode="1033" />
              </displaynames>
              <Descriptions>
                <Description description="Status of the New table" languagecode="1033" />
              </Descriptions>
            </attribute>
            <attribute PhysicalName="statuscode">
              <Type>status</Type>
              <Name>statuscode</Name>
              <LogicalName>statuscode</LogicalName>
              <RequiredLevel>none</RequiredLevel>
              <DisplayMask>ValidForAdvancedFind|ValidForForm|ValidForGrid</DisplayMask>
              <ImeMode>auto</ImeMode>
              <ValidForUpdateApi>1</ValidForUpdateApi>
              <ValidForReadApi>1</ValidForReadApi>
              <ValidForCreateApi>1</ValidForCreateApi>
              <IsCustomField>0</IsCustomField>
              <IsAuditEnabled>1</IsAuditEnabled>
              <IsSecured>0</IsSecured>
              <IntroducedVersion>1.0</IntroducedVersion>
              <IsCustomizable>1</IsCustomizable>
              <IsRenameable>1</IsRenameable>
              <CanModifySearchSettings>1</CanModifySearchSettings>
              <CanModifyRequirementLevelSettings>1</CanModifyRequirementLevelSettings>
              <CanModifyAdditionalSettings>1</CanModifyAdditionalSettings>
              <SourceType>0</SourceType>
              <IsGlobalFilterEnabled>0</IsGlobalFilterEnabled>
              <IsSortableEnabled>0</IsSortableEnabled>
              <CanModifyGlobalFilterSettings>1</CanModifyGlobalFilterSettings>
              <CanModifyIsSortableSettings>1</CanModifyIsSortableSettings>
              <IsDataSourceSecret>0</IsDataSourceSecret>
              <AutoNumberFormat></AutoNumberFormat>
              <IsSearchable>0</IsSearchable>
              <IsFilterable>0</IsFilterable>
              <IsRetrievable>0</IsRetrievable>
              <IsLocalizable>0</IsLocalizable>
              <optionset Name="cr6a8_newtable_statuscode">
                <OptionSetType>status</OptionSetType>
                <IntroducedVersion>1.0</IntroducedVersion>
                <IsCustomizable>1</IsCustomizable>
                <displaynames>
                  <displayname description="Status Reason" languagecode="1033" />
                </displaynames>
                <Descriptions>
                  <Description description="Reason for the status of the New table" languagecode="1033" />
                </Descriptions>
                <statuses>
                  <status value="1" state="0">
                    <labels>
                      <label description="Active" languagecode="1033" />
                    </labels>
                  </status>
                  <status value="2" state="1">
                    <labels>
                      <label description="Inactive" languagecode="1033" />
                    </labels>
                  </status>
                </statuses>
              </optionset>
              <displaynames>
                <displayname description="Status Reason" languagecode="1033" />
              </displaynames>
              <Descriptions>
                <Description description="Reason for the status of the New table" languagecode="1033" />
              </Descriptions>
            </attribute>
            <attribute PhysicalName="TimeZoneRuleVersionNumber">
              <Type>int</Type>
              <Name>timezoneruleversionnumber</Name>
              <LogicalName>timezoneruleversionnumber</LogicalName>
              <RequiredLevel>none</RequiredLevel>
              <ImeMode>auto</ImeMode>
              <ValidForUpdateApi>1</ValidForUpdateApi>
              <ValidForReadApi>1</ValidForReadApi>
              <ValidForCreateApi>1</ValidForCreateApi>
              <IsCustomField>0</IsCustomField>
              <IsAuditEnabled>0</IsAuditEnabled>
              <IsSecured>0</IsSecured>
              <IntroducedVersion>1.0</IntroducedVersion>
              <IsCustomizable>1</IsCustomizable>
              <IsRenameable>1</IsRenameable>
              <CanModifySearchSettings>1</CanModifySearchSettings>
              <CanModifyRequirementLevelSettings>1</CanModifyRequirementLevelSettings>
              <CanModifyAdditionalSettings>1</CanModifyAdditionalSettings>
              <SourceType>0</SourceType>
              <IsGlobalFilterEnabled>0</IsGlobalFilterEnabled>
              <IsSortableEnabled>0</IsSortableEnabled>
              <CanModifyGlobalFilterSettings>1</CanModifyGlobalFilterSettings>
              <CanModifyIsSortableSettings>1</CanModifyIsSortableSettings>
              <IsDataSourceSecret>0</IsDataSourceSecret>
              <AutoNumberFormat></AutoNumberFormat>
              <IsSearchable>0</IsSearchable>
              <IsFilterable>0</IsFilterable>
              <IsRetrievable>0</IsRetrievable>
              <IsLocalizable>0</IsLocalizable>
              <Format></Format>
              <MinValue>-1</MinValue>
              <MaxValue>2147483647</MaxValue>
              <displaynames>
                <displayname description="Time Zone Rule Version Number" languagecode="1033" />
              </displaynames>
              <Descriptions>
                <Description description="For internal use only." languagecode="1033" />
              </Descriptions>
            </attribute>
            <attribute PhysicalName="UTCConversionTimeZoneCode">
              <Type>int</Type>
              <Name>utcconversiontimezonecode</Name>
              <LogicalName>utcconversiontimezonecode</LogicalName>
              <RequiredLevel>none</RequiredLevel>
              <ImeMode>auto</ImeMode>
              <ValidForUpdateApi>1</ValidForUpdateApi>
              <ValidForReadApi>1</ValidForReadApi>
              <ValidForCreateApi>1</ValidForCreateApi>
              <IsCustomField>0</IsCustomField>
              <IsAuditEnabled>0</IsAuditEnabled>
              <IsSecured>0</IsSecured>
              <IntroducedVersion>1.0</IntroducedVersion>
              <IsCustomizable>1</IsCustomizable>
              <IsRenameable>1</IsRenameable>
              <CanModifySearchSettings>1</CanModifySearchSettings>
              <CanModifyRequirementLevelSettings>1</CanModifyRequirementLevelSettings>
              <CanModifyAdditionalSettings>1</CanModifyAdditionalSettings>
              <SourceType>0</SourceType>
              <IsGlobalFilterEnabled>0</IsGlobalFilterEnabled>
              <IsSortableEnabled>0</IsSortableEnabled>
              <CanModifyGlobalFilterSettings>1</CanModifyGlobalFilterSettings>
              <CanModifyIsSortableSettings>1</CanModifyIsSortableSettings>
              <IsDataSourceSecret>0</IsDataSourceSecret>
              <AutoNumberFormat></AutoNumberFormat>
              <IsSearchable>0</IsSearchable>
              <IsFilterable>0</IsFilterable>
              <IsRetrievable>0</IsRetrievable>
              <IsLocalizable>0</IsLocalizable>
              <Format></Format>
              <MinValue>-1</MinValue>
              <MaxValue>2147483647</MaxValue>
              <displaynames>
                <displayname description="UTC Conversion Time Zone Code" languagecode="1033" />
              </displaynames>
              <Descriptions>
                <Description description="Time zone code that was in use when the record was created." languagecode="1033" />
              </Descriptions>
            </attribute>
          </attributes>
          <EntitySetName>cr6a8_newtables</EntitySetName>
          <IsDuplicateCheckSupported>0</IsDuplicateCheckSupported>
          <IsBusinessProcessEnabled>0</IsBusinessProcessEnabled>
          <IsRequiredOffline>0</IsRequiredOffline>
          <IsInteractionCentricEnabled>0</IsInteractionCentricEnabled>
          <IsCollaboration>0</IsCollaboration>
          <AutoRouteToOwnerQueue>0</AutoRouteToOwnerQueue>
          <IsConnectionsEnabled>0</IsConnectionsEnabled>
          <EntityColor></EntityColor>
          <IsDocumentManagementEnabled>0</IsDocumentManagementEnabled>
          <AutoCreateAccessTeams>0</AutoCreateAccessTeams>
          <IsOneNoteIntegrationEnabled>0</IsOneNoteIntegrationEnabled>
          <IsKnowledgeManagementEnabled>0</IsKnowledgeManagementEnabled>
          <IsSLAEnabled>0</IsSLAEnabled>
          <IsDocumentRecommendationsEnabled>0</IsDocumentRecommendationsEnabled>
          <IsBPFEntity>0</IsBPFEntity>
          <OwnershipTypeMask>UserOwned</OwnershipTypeMask>
          <IsAuditEnabled>0</IsAuditEnabled>
          <IsRetrieveAuditEnabled>0</IsRetrieveAuditEnabled>
          <IsRetrieveMultipleAuditEnabled>0</IsRetrieveMultipleAuditEnabled>
          <IsActivity>0</IsActivity>
          <ActivityTypeMask></ActivityTypeMask>
          <IsActivityParty>0</IsActivityParty>
          <IsReplicated>0</IsReplicated>
          <IsReplicationUserFiltered>0</IsReplicationUserFiltered>
          <IsMailMergeEnabled>0</IsMailMergeEnabled>
          <IsVisibleInMobile>0</IsVisibleInMobile>
          <IsVisibleInMobileClient>0</IsVisibleInMobileClient>
          <IsReadOnlyInMobileClient>0</IsReadOnlyInMobileClient>
          <IsOfflineInMobileClient>1</IsOfflineInMobileClient>
          <DaysSinceRecordLastModified>0</DaysSinceRecordLastModified>
          <MobileOfflineFilters></MobileOfflineFilters>
          <IsMapiGridEnabled>1</IsMapiGridEnabled>
          <IsReadingPaneEnabled>1</IsReadingPaneEnabled>
          <IsQuickCreateEnabled>0</IsQuickCreateEnabled>
          <SyncToExternalSearchIndex>0</SyncToExternalSearchIndex>
          <IntroducedVersion>1.0</IntroducedVersion>
          <IsCustomizable>1</IsCustomizable>
          <IsRenameable>1</IsRenameable>
          <IsMappable>1</IsMappable>
          <CanModifyAuditSettings>1</CanModifyAuditSettings>
          <CanModifyMobileVisibility>1</CanModifyMobileVisibility>
          <CanModifyMobileClientVisibility>1</CanModifyMobileClientVisibility>
          <CanModifyMobileClientReadOnly>1</CanModifyMobileClientReadOnly>
          <CanModifyMobileClientOffline>1</CanModifyMobileClientOffline>
          <CanModifyConnectionSettings>1</CanModifyConnectionSettings>
          <CanModifyDuplicateDetectionSettings>1</CanModifyDuplicateDetectionSettings>
          <CanModifyMailMergeSettings>1</CanModifyMailMergeSettings>
          <CanModifyQueueSettings>1</CanModifyQueueSettings>
          <CanCreateAttributes>1</CanCreateAttributes>
          <CanCreateForms>1</CanCreateForms>
          <CanCreateCharts>1</CanCreateCharts>
          <CanCreateViews>1</CanCreateViews>
          <CanModifyAdditionalSettings>1</CanModifyAdditionalSettings>
          <CanEnableSyncToExternalSearchIndex>1</CanEnableSyncToExternalSearchIndex>
          <IconVectorName></IconVectorName>
          <EnforceStateTransitions>0</EnforceStateTransitions>
          <CanChangeHierarchicalRelationship>1</CanChangeHierarchicalRelationship>
          <EntityHelpUrlEnabled>0</EntityHelpUrlEnabled>
          <EntityHelpUrl></EntityHelpUrl>
          <ChangeTrackingEnabled>1</ChangeTrackingEnabled>
          <CanChangeTrackingBeEnabled>1</CanChangeTrackingBeEnabled>
          <IsEnabledForExternalChannels>0</IsEnabledForExternalChannels>
          <IsMSTeamsIntegrationEnabled>0</IsMSTeamsIntegrationEnabled>
          <IsSolutionAware>0</IsSolutionAware>
        </entity>
      </EntityInfo>
      <FormXml>
        <forms type="card">
          <systemform>
            <formid>{8768e5f0-3f95-415a-962a-a60e54f4d93c}</formid>
            <IntroducedVersion>1.0</IntroducedVersion>
            <FormPresentation>1</FormPresentation>
            <FormActivationState>1</FormActivationState>
            <form>
              <tabs>
                <tab name="general" verticallayout="true" id="{9fa8c520-5e6f-4362-8caf-65365a59779e}" IsUserDefined="0">
                  <labels>
                    <label description="" languagecode="1033" />
                  </labels>
                  <columns>
                    <column width="25%">
                      <sections>
                        <section name="ColorStrip" showlabel="false" showbar="false" columns="1" IsUserDefined="0" id="{51937a5e-8009-4adf-adcd-c267ed6acb85}">
                          <labels>
                            <label description="ColorStrip" languagecode="1033" />
                          </labels>
                        </section>
                      </sections>
                    </column>
                    <column width="75%">
                      <sections>
                        <section name="CardHeader" showlabel="false" showbar="false" columns="111" id="{cdf14994-b102-407f-83c0-7ca6baf987ba}" IsUserDefined="0">
                          <labels>
                            <label description="Header" languagecode="1033" />
                          </labels>
                          <rows>
                            <row>
                              <cell id="{87c122db-a729-47ea-908a-bdfdea1b051a}" showlabel="true" locklevel="0">
                                <labels>
                                  <label description="Status Reason" languagecode="1033" />
                                </labels>
                                <control id="statuscode" classid="{5D68B988-0661-4db2-BC3E-17598AD3BE6C}" datafieldname="statuscode" disabled="false" />
                              </cell>
                              <cell id="{5f533ab3-689f-4e39-8b25-a75f31e52ae8}" showlabel="true" locklevel="0">
                                <labels>
                                  <label description="" languagecode="1033" />
                                </labels>
                              </cell>
                              <cell id="{9356c241-0547-4b9d-9f7e-fcc824429263}" showlabel="true" locklevel="0">
                                <labels>
                                  <label description="" languagecode="1033" />
                                </labels>
                              </cell>
                            </row>
                          </rows>
                        </section>
                        <section name="CardDetails" showlabel="false" showbar="false" columns="1" id="{c6a17cff-7729-4f28-839e-749fc10e6c23}" IsUserDefined="0">
                          <labels>
                            <label description="Details" languagecode="1033" />
                          </labels>
                          <rows>
                            <row>
                              <cell id="{27b92da8-e49a-470b-a6da-7b629add6cfd}" showlabel="true" locklevel="0">
                                <labels>
                                  <label description="Location" languagecode="1033" />
                                </labels>
                                <control id="cr6a8_location" classid="{4273EDBD-AC1D-40d3-9FB2-095C621B552D}" datafieldname="cr6a8_location" disabled="false" />
                              </cell>
                            </row>
                          </rows>
                        </section>
                        <section name="CardFooter" showlabel="false" columns="1111" showbar="false" id="{93a3f2c1-17ef-482b-9413-25ace8905401}" IsUserDefined="0">
                          <labels>
                            <label description="Footer" languagecode="1033" />
                          </labels>
                          <rows>
                            <row>
                              <cell id="{3082e848-cd6e-41ce-8f19-91177dd4ca02}" showlabel="true" locklevel="0">
                                <labels>
                                  <label description="Owner" languagecode="1033" />
                                </labels>
                                <control id="ownerid" classid="{270BD3DB-D9AF-4782-9025-509E298DEC0A}" datafieldname="ownerid" disabled="false" />
                              </cell>
                              <cell id="{2739b445-ab29-4ab1-a9f9-4c7522bc8cf8}" showlabel="true" locklevel="0">
                                <labels>
                                  <label description="Created On" languagecode="1033" />
                                </labels>
                                <control id="createdon" classid="{270BD3DB-D9AF-4782-9025-509E298DEC0A}" datafieldname="createdon" disabled="false" />
                              </cell>
                              <cell id="{facd5847-4e6d-4110-a15e-65a125b2d782}" showlabel="true" locklevel="0">
                                <labels>
                                  <label description="" languagecode="1033" />
                                </labels>
                              </cell>
                              <cell id="{c572afd1-900f-40ef-b8c3-f2557acab79c}" showlabel="true" locklevel="0">
                                <labels>
                                  <label description="" languagecode="1033" />
                                </labels>
                              </cell>
                            </row>
                          </rows>
                        </section>
                      </sections>
                    </column>
                  </columns>
                </tab>
              </tabs>
            </form>
            <IsCustomizable>1</IsCustomizable>
            <CanBeDeleted>1</CanBeDeleted>
            <LocalizedNames>
              <LocalizedName description="Information" languagecode="1033" />
            </LocalizedNames>
            <Descriptions>
              <Description description="A card form for this entity." languagecode="1033" />
            </Descriptions>
          </systemform>
        </forms>
        <forms type="main">
          <systemform>
            <formid>{2f3dad7d-7b84-4e87-8d95-761773001f8a}</formid>
            <IntroducedVersion>1.0</IntroducedVersion>
            <FormPresentation>1</FormPresentation>
            <FormActivationState>1</FormActivationState>
            <form>
              <tabs>
                <tab verticallayout="true" id="{c0a144dd-35bb-4289-8cde-f7fddb6f9a3f}" IsUserDefined="1">
                  <labels>
                    <label description="General" languagecode="1033" />
                  </labels>
                  <columns>
                    <column width="100%">
                      <sections>
                        <section showlabel="false" showbar="false" IsUserDefined="0" id="{6b3ca4dd-e689-4cea-90e6-dd30c7da3f1a}">
                          <labels>
                            <label description="General" languagecode="1033" />
                          </labels>
                          <rows>
                            <row>
                              <cell id="{52eddce6-11cb-4e4c-91b3-7b722f94f6a3}">
                                <labels>
                                  <label description="Location" languagecode="1033" />
                                </labels>
                                <control id="cr6a8_location" classid="{4273EDBD-AC1D-40d3-9FB2-095C621B552D}" datafieldname="cr6a8_location" />
                              </cell>
                            </row>
                            <row>
                              <cell id="{345def48-605a-4eef-909a-9f74edd105dc}">
                                <labels>
                                  <label description="Owner" languagecode="1033" />
                                </labels>
                                <control id="ownerid" classid="{270BD3DB-D9AF-4782-9025-509E298DEC0A}" datafieldname="ownerid" />
                              </cell>
                            </row>
                            <row>
                              <cell id="{a40a899e-900d-4aae-b069-ae5ff6426e94}">
                                <labels>
                                  <label description="Date" languagecode="1033" />
                                </labels>
                                <control id="cr6a8_date" classid="{5b773807-9fb2-42db-97c3-7a91eff8adff}" datafieldname="cr6a8_date" />
                              </cell>
                            </row>
                            <row>
                              <cell id="{e47f3980-8d90-42fe-88a1-86df4842d766}">
                                <labels>
                                  <label description="New Cases" languagecode="1033" />
                                </labels>
                                <control id="cr6a8_newcases" classid="{c6d124ca-7eda-4a60-aea9-7fb8d318b68f}" datafieldname="cr6a8_newcases" />
                              </cell>
                            </row>
                            <row>
                              <cell id="{20aba1c2-7d4a-401a-b79c-8c936b9687b0}">
                                <labels>
                                  <label description="New Deaths" languagecode="1033" />
                                </labels>
                                <control id="cr6a8_newdeaths" classid="{c6d124ca-7eda-4a60-aea9-7fb8d318b68f}" datafieldname="cr6a8_newdeaths" />
                              </cell>
                            </row>
                            <row>
                              <cell id="{f383a596-b3fc-4df7-b232-c1c88054ceda}">
                                <labels>
                                  <label description="Total Cases" languagecode="1033" />
                                </labels>
                                <control id="cr6a8_totalcases" classid="{c6d124ca-7eda-4a60-aea9-7fb8d318b68f}" datafieldname="cr6a8_totalcases" />
                              </cell>
                            </row>
                            <row>
                              <cell id="{1cd3a049-8a7a-4f4c-8bac-9f976ced45b5}">
                                <labels>
                                  <label description="Total Deaths" languagecode="1033" />
                                </labels>
                                <control id="cr6a8_totaldeaths" classid="{c6d124ca-7eda-4a60-aea9-7fb8d318b68f}" datafieldname="cr6a8_totaldeaths" />
                              </cell>
                            </row>
                            <row>
                              <cell id="{7696f1ed-26c5-455b-8e47-5ed43d2195e7}">
                                <labels>
                                  <label description="Weekly Cases" languagecode="1033" />
                                </labels>
                                <control id="cr6a8_weeklycases" classid="{c6d124ca-7eda-4a60-aea9-7fb8d318b68f}" datafieldname="cr6a8_weeklycases" />
                              </cell>
                            </row>
                            <row>
                              <cell id="{822ac564-d3b0-407c-a23c-d1d0856638e5}">
                                <labels>
                                  <label description="Weekly Deaths" languagecode="1033" />
                                </labels>
                                <control id="cr6a8_weeklydeaths" classid="{c6d124ca-7eda-4a60-aea9-7fb8d318b68f}" datafieldname="cr6a8_weeklydeaths" />
                              </cell>
                            </row>
                          </rows>
                        </section>
                      </sections>
                    </column>
                  </columns>
                </tab>
              </tabs>
            </form>
            <IsCustomizable>1</IsCustomizable>
            <CanBeDeleted>1</CanBeDeleted>
            <LocalizedNames>
              <LocalizedName description="Information" languagecode="1033" />
            </LocalizedNames>
            <Descriptions>
              <Description description="A form for this entity." languagecode="1033" />
            </Descriptions>
          </systemform>
        </forms>
        <forms type="quick">
          <systemform>
            <formid>{37269fcd-3782-46e2-be30-4c0edeac9bb6}</formid>
            <IntroducedVersion>1.0</IntroducedVersion>
            <FormPresentation>1</FormPresentation>
            <FormActivationState>1</FormActivationState>
            <form>
              <tabs>
                <tab verticallayout="true" id="{65c8b8f3-f130-46fc-baaf-84d8675712bc}" IsUserDefined="1">
                  <labels>
                    <label description="" languagecode="1033" />
                  </labels>
                  <columns>
                    <column width="100%">
                      <sections>
                        <section showlabel="false" showbar="false" IsUserDefined="0" id="{87350dce-e27d-4923-adc9-205a5c557a88}">
                          <labels>
                            <label description="GENERAL" languagecode="1033" />
                          </labels>
                          <rows>
                            <row>
                              <cell id="{938e8f65-dcdb-49ce-8360-d368136faba4}">
                                <labels>
                                  <label description="Location" languagecode="1033" />
                                </labels>
                                <control id="cr6a8_location" classid="{4273EDBD-AC1D-40d3-9FB2-095C621B552D}" datafieldname="cr6a8_location" />
                              </cell>
                            </row>
                            <row>
                              <cell id="{ec084b1d-b81c-43d2-b0e0-594e45a58685}">
                                <labels>
                                  <label description="Owner" languagecode="1033" />
                                </labels>
                                <control id="ownerid" classid="{270BD3DB-D9AF-4782-9025-509E298DEC0A}" datafieldname="ownerid" />
                              </cell>
                            </row>
                          </rows>
                        </section>
                      </sections>
                    </column>
                  </columns>
                </tab>
              </tabs>
            </form>
            <IsCustomizable>1</IsCustomizable>
            <CanBeDeleted>1</CanBeDeleted>
            <LocalizedNames>
              <LocalizedName description="Information" languagecode="1033" />
            </LocalizedNames>
          </systemform>
        </forms>
      </FormXml>
      <SavedQueries>
        <savedqueries>
          <savedquery>
            <IsCustomizable>1</IsCustomizable>
            <CanBeDeleted>0</CanBeDeleted>
            <isquickfindquery>0</isquickfindquery>
            <isprivate>0</isprivate>
            <isdefault>1</isdefault>
            <savedqueryid>{66a56961-f2b8-4215-817f-ece7152aa912}</savedqueryid>
            <layoutxml>
              <grid name="resultset" jump="cr6a8_location" select="1" icon="1" preview="1">
                <row name="result" id="cr6a8_newtableid">
                  <cell name="cr6a8_location" width="300" />
                  <cell name="createdon" width="125" />
                  <cell name="cr6a8_date" width="150" />
                  <cell name="cr6a8_newcases" width="150" />
                  <cell name="cr6a8_newdeaths" width="150" />
                  <cell name="cr6a8_totalcases" width="150" />
                  <cell name="cr6a8_totaldeaths" width="150" />
                  <cell name="cr6a8_weeklycases" width="150" />
                  <cell name="cr6a8_weeklydeaths" width="150" />
                </row>
              </grid>
            </layoutxml>
            <querytype>0</querytype>
            <fetchxml>
              <fetch version="1.0" mapping="logical">
                <entity name="cr6a8_newtable">
                  <attribute name="cr6a8_newtableid" />
                  <attribute name="cr6a8_location" />
                  <attribute name="createdon" />
                  <order attribute="cr6a8_location" descending="false" />
                  <filter type="and">
                    <condition attribute="statecode" operator="eq" value="0" />
                  </filter>
                  <attribute name="cr6a8_date" />
                  <attribute name="cr6a8_newcases" />
                  <attribute name="cr6a8_newdeaths" />
                  <attribute name="cr6a8_totalcases" />
                  <attribute name="cr6a8_totaldeaths" />
                  <attribute name="cr6a8_weeklycases" />
                  <attribute name="cr6a8_weeklydeaths" />
                </entity>
              </fetch>
            </fetchxml>
            <IntroducedVersion>1.0</IntroducedVersion>
            <LocalizedNames>
              <LocalizedName description="Active New tables" languagecode="1033" />
            </LocalizedNames>
          </savedquery>
          <savedquery>
            <IsCustomizable>1</IsCustomizable>
            <CanBeDeleted>0</CanBeDeleted>
            <isquickfindquery>0</isquickfindquery>
            <isprivate>0</isprivate>
            <isdefault>0</isdefault>
            <savedqueryid>{f5122196-15c1-4b82-9850-1b45cd24dc34}</savedqueryid>
            <layoutxml>
              <grid name="resultset" jump="cr6a8_location" select="1" icon="1" preview="1">
                <row name="result" id="cr6a8_newtableid">
                  <cell name="cr6a8_location" width="300" />
                  <cell name="createdon" width="125" />
                </row>
              </grid>
            </layoutxml>
            <querytype>0</querytype>
            <fetchxml>
              <fetch version="1.0" mapping="logical">
                <entity name="cr6a8_newtable">
                  <attribute name="cr6a8_newtableid" />
                  <attribute name="cr6a8_location" />
                  <attribute name="createdon" />
                  <order attribute="cr6a8_location" descending="false" />
                  <filter type="and">
                    <condition attribute="statecode" operator="eq" value="1" />
                  </filter>
                </entity>
              </fetch>
            </fetchxml>
            <IntroducedVersion>1.0</IntroducedVersion>
            <LocalizedNames>
              <LocalizedName description="Inactive New tables" languagecode="1033" />
            </LocalizedNames>
          </savedquery>
          <savedquery>
            <IsCustomizable>1</IsCustomizable>
            <CanBeDeleted>1</CanBeDeleted>
            <isquickfindquery>0</isquickfindquery>
            <isprivate>0</isprivate>
            <isdefault>1</isdefault>
            <savedqueryid>{96986f13-7d5d-ef11-bfe3-6045bd4176b7}</savedqueryid>
            <querytype>8192</querytype>
            <fetchxml>
              <fetch version="1.0" mapping="logical" output-format="xml-platform">
                <entity name="cr6a8_newtable">
                  <attribute name="cr6a8_newtableid" />
                  <filter type="and">
                    <condition attribute="statecode" operator="eq" value="0" />
                    <condition attribute="ownerid" operator="eq-userid" />
                  </filter>
                </entity>
              </fetch>
            </fetchxml>
            <IntroducedVersion>1.0</IntroducedVersion>
            <LocalizedNames>
              <LocalizedName description="My New tables" languagecode="1033" />
            </LocalizedNames>
            <Descriptions>
              <Description description="Active New tables owned by me" languagecode="1033" />
            </Descriptions>
          </savedquery>
          <savedquery>
            <IsCustomizable>1</IsCustomizable>
            <CanBeDeleted>0</CanBeDeleted>
            <isquickfindquery>0</isquickfindquery>
            <isprivate>0</isprivate>
            <isdefault>1</isdefault>
            <savedqueryid>{e5104504-58ee-48e2-8785-35a765c84c3d}</savedqueryid>
            <layoutxml>
              <grid name="resultset" jump="cr6a8_location" select="1" icon="1" preview="1">
                <row name="result" id="cr6a8_newtableid">
                  <cell name="cr6a8_location" width="300" />
                  <cell name="createdon" width="125" />
                </row>
              </grid>
            </layoutxml>
            <querytype>1</querytype>
            <fetchxml>
              <fetch version="1.0" mapping="logical">
                <entity name="cr6a8_newtable">
                  <attribute name="cr6a8_newtableid" />
                  <attribute name="cr6a8_location" />
                  <attribute name="createdon" />
                  <order attribute="cr6a8_location" descending="false" />
                </entity>
              </fetch>
            </fetchxml>
            <IntroducedVersion>1.0</IntroducedVersion>
            <LocalizedNames>
              <LocalizedName description="New table Advanced Find View" languagecode="1033" />
            </LocalizedNames>
          </savedquery>
          <savedquery>
            <IsCustomizable>1</IsCustomizable>
            <CanBeDeleted>0</CanBeDeleted>
            <isquickfindquery>0</isquickfindquery>
            <isprivate>0</isprivate>
            <isdefault>1</isdefault>
            <savedqueryid>{9822cd5c-1f06-42da-9fb1-90c2b3a98d80}</savedqueryid>
            <layoutxml>
              <grid name="cr6a8_newtables" jump="cr6a8_location" select="1" icon="1" preview="1">
                <row name="cr6a8_newtable" id="cr6a8_newtableid">
                  <cell name="cr6a8_location" width="300" />
                  <cell name="createdon" width="125" />
                </row>
              </grid>
            </layoutxml>
            <querytype>2</querytype>
            <fetchxml>
              <fetch version="1.0" mapping="logical">
                <entity name="cr6a8_newtable">
                  <attribute name="cr6a8_newtableid" />
                  <attribute name="cr6a8_location" />
                  <attribute name="createdon" />
                  <order attribute="cr6a8_location" descending="false" />
                  <filter type="and">
                    <condition attribute="statecode" operator="eq" value="0" />
                  </filter>
                </entity>
              </fetch>
            </fetchxml>
            <IntroducedVersion>1.0</IntroducedVersion>
            <LocalizedNames>
              <LocalizedName description="New table Associated View" languagecode="1033" />
            </LocalizedNames>
          </savedquery>
          <savedquery>
            <IsCustomizable>1</IsCustomizable>
            <CanBeDeleted>0</CanBeDeleted>
            <isquickfindquery>0</isquickfindquery>
            <isprivate>0</isprivate>
            <isdefault>1</isdefault>
            <savedqueryid>{44198591-2d79-4351-a42b-4b41b64cb69e}</savedqueryid>
            <layoutxml>
              <grid name="cr6a8_newtables" jump="cr6a8_location" select="1" icon="1" preview="0">
                <row name="cr6a8_newtable" id="cr6a8_newtableid">
                  <cell name="cr6a8_location" width="300" />
                  <cell name="createdon" width="125" />
                </row>
              </grid>
            </layoutxml>
            <querytype>64</querytype>
            <fetchxml>
              <fetch version="1.0" mapping="logical">
                <entity name="cr6a8_newtable">
                  <attribute name="cr6a8_newtableid" />
                  <attribute name="cr6a8_location" />
                  <attribute name="createdon" />
                  <filter type="and">
                    <condition attribute="statecode" operator="eq" value="0" />
                  </filter>
                </entity>
              </fetch>
            </fetchxml>
            <IntroducedVersion>1.0</IntroducedVersion>
            <LocalizedNames>
              <LocalizedName description="New table Lookup View" languagecode="1033" />
            </LocalizedNames>
          </savedquery>
          <savedquery>
            <IsCustomizable>1</IsCustomizable>
            <CanBeDeleted>0</CanBeDeleted>
            <isquickfindquery>1</isquickfindquery>
            <isprivate>0</isprivate>
            <isdefault>1</isdefault>
            <savedqueryid>{4d26a94a-6398-4bfd-a986-411d053a08c3}</savedqueryid>
            <layoutxml>
              <grid name="resultset" jump="cr6a8_location" select="1" icon="1" preview="1">
                <row name="result" id="cr6a8_newtableid">
                  <cell name="cr6a8_location" width="300" />
                  <cell name="createdon" width="125" />
                </row>
              </grid>
            </layoutxml>
            <querytype>4</querytype>
            <fetchxml>
              <fetch version="1.0" mapping="logical">
                <entity name="cr6a8_newtable">
                  <attribute name="cr6a8_newtableid" />
                  <attribute name="cr6a8_location" />
                  <attribute name="createdon" />
                  <order attribute="cr6a8_location" descending="false" />
                  <filter type="and">
                    <condition attribute="statecode" operator="eq" value="0" />
                  </filter>
                  <filter type="or" isquickfindfields="1">
                    <condition attribute="cr6a8_location" operator="like" value="{0}" />
                  </filter>
                </entity>
              </fetch>
            </fetchxml>
            <IntroducedVersion>1.0</IntroducedVersion>
            <LocalizedNames>
              <LocalizedName description="Quick Find Active New tables" languagecode="1033" />
            </LocalizedNames>
          </savedquery>
        </savedqueries>
      </SavedQueries>
      <RibbonDiffXml>
        <CustomActions />
        <Templates>
          <RibbonTemplates Id="Mscrm.Templates"></RibbonTemplates>
        </Templates>
        <CommandDefinitions />
        <RuleDefinitions>
          <TabDisplayRules />
          <DisplayRules />
          <EnableRules />
        </RuleDefinitions>
        <LocLabels />
      </RibbonDiffXml>
    </Entity>
  </Entities>
  <Roles></Roles>
  <Workflows></Workflows>
  <FieldSecurityProfiles></FieldSecurityProfiles>
  <Templates />
  <EntityMaps />
  <EntityRelationships>
    <EntityRelationship Name="business_unit_cr6a8_newtable">
      <EntityRelationshipType>OneToMany</EntityRelationshipType>
      <IsCustomizable>1</IsCustomizable>
      <IntroducedVersion>1.0</IntroducedVersion>
      <IsHierarchical>0</IsHierarchical>
      <ReferencingEntityName>cr6a8_newtable</ReferencingEntityName>
      <ReferencedEntityName>BusinessUnit</ReferencedEntityName>
      <CascadeAssign>NoCascade</CascadeAssign>
      <CascadeDelete>Restrict</CascadeDelete>
      <CascadeArchive>Restrict</CascadeArchive>
      <CascadeReparent>NoCascade</CascadeReparent>
      <CascadeShare>NoCascade</CascadeShare>
      <CascadeUnshare>NoCascade</CascadeUnshare>
      <ReferencingAttributeName>OwningBusinessUnit</ReferencingAttributeName>
      <RelationshipDescription>
        <Descriptions>
          <Description description="Unique identifier for the business unit that owns the record" languagecode="1033" />
        </Descriptions>
      </RelationshipDescription>
    </EntityRelationship>
    <EntityRelationship Name="lk_cr6a8_newtable_createdby">
      <EntityRelationshipType>OneToMany</EntityRelationshipType>
      <IsCustomizable>1</IsCustomizable>
      <IntroducedVersion>1.0</IntroducedVersion>
      <IsHierarchical>0</IsHierarchical>
      <ReferencingEntityName>cr6a8_newtable</ReferencingEntityName>
      <ReferencedEntityName>SystemUser</ReferencedEntityName>
      <CascadeAssign>NoCascade</CascadeAssign>
      <CascadeDelete>NoCascade</CascadeDelete>
      <CascadeArchive>NoCascade</CascadeArchive>
      <CascadeReparent>NoCascade</CascadeReparent>
      <CascadeShare>NoCascade</CascadeShare>
      <CascadeUnshare>NoCascade</CascadeUnshare>
      <ReferencingAttributeName>CreatedBy</ReferencingAttributeName>
      <RelationshipDescription>
        <Descriptions>
          <Description description="Unique identifier of the user who created the record." languagecode="1033" />
        </Descriptions>
      </RelationshipDescription>
    </EntityRelationship>
    <EntityRelationship Name="lk_cr6a8_newtable_modifiedby">
      <EntityRelationshipType>OneToMany</EntityRelationshipType>
      <IsCustomizable>1</IsCustomizable>
      <IntroducedVersion>1.0</IntroducedVersion>
      <IsHierarchical>0</IsHierarchical>
      <ReferencingEntityName>cr6a8_newtable</ReferencingEntityName>
      <ReferencedEntityName>SystemUser</ReferencedEntityName>
      <CascadeAssign>NoCascade</CascadeAssign>
      <CascadeDelete>NoCascade</CascadeDelete>
      <CascadeArchive>NoCascade</CascadeArchive>
      <CascadeReparent>NoCascade</CascadeReparent>
      <CascadeShare>NoCascade</CascadeShare>
      <CascadeUnshare>NoCascade</CascadeUnshare>
      <ReferencingAttributeName>ModifiedBy</ReferencingAttributeName>
      <RelationshipDescription>
        <Descriptions>
          <Description description="Unique identifier of the user who modified the record." languagecode="1033" />
        </Descriptions>
      </RelationshipDescription>
    </EntityRelationship>
    <EntityRelationship Name="owner_cr6a8_newtable">
      <EntityRelationshipType>OneToMany</EntityRelationshipType>
      <IsCustomizable>1</IsCustomizable>
      <IntroducedVersion>1.0</IntroducedVersion>
      <IsHierarchical>0</IsHierarchical>
      <ReferencingEntityName>cr6a8_newtable</ReferencingEntityName>
      <ReferencedEntityName>Owner</ReferencedEntityName>
      <CascadeAssign>NoCascade</CascadeAssign>
      <CascadeDelete>NoCascade</CascadeDelete>
      <CascadeArchive>NoCascade</CascadeArchive>
      <CascadeReparent>NoCascade</CascadeReparent>
      <CascadeShare>NoCascade</CascadeShare>
      <CascadeUnshare>NoCascade</CascadeUnshare>
      <ReferencingAttributeName>OwnerId</ReferencingAttributeName>
      <RelationshipDescription>
        <Descriptions>
          <Description description="Owner Id" languagecode="1033" />
        </Descriptions>
      </RelationshipDescription>
    </EntityRelationship>
    <EntityRelationship Name="team_cr6a8_newtable">
      <EntityRelationshipType>OneToMany</EntityRelationshipType>
      <IsCustomizable>1</IsCustomizable>
      <IntroducedVersion>1.0</IntroducedVersion>
      <IsHierarchical>0</IsHierarchical>
      <ReferencingEntityName>cr6a8_newtable</ReferencingEntityName>
      <ReferencedEntityName>Team</ReferencedEntityName>
      <CascadeAssign>NoCascade</CascadeAssign>
      <CascadeDelete>NoCascade</CascadeDelete>
      <CascadeArchive>NoCascade</CascadeArchive>
      <CascadeReparent>NoCascade</CascadeReparent>
      <CascadeShare>NoCascade</CascadeShare>
      <CascadeUnshare>NoCascade</CascadeUnshare>
      <ReferencingAttributeName>OwningTeam</ReferencingAttributeName>
      <RelationshipDescription>
        <Descriptions>
          <Description description="Unique identifier for the team that owns the record." languagecode="1033" />
        </Descriptions>
      </RelationshipDescription>
    </EntityRelationship>
    <EntityRelationship Name="user_cr6a8_newtable">
      <EntityRelationshipType>OneToMany</EntityRelationshipType>
      <IsCustomizable>1</IsCustomizable>
      <IntroducedVersion>1.0</IntroducedVersion>
      <IsHierarchical>0</IsHierarchical>
      <ReferencingEntityName>cr6a8_newtable</ReferencingEntityName>
      <ReferencedEntityName>SystemUser</ReferencedEntityName>
      <CascadeAssign>NoCascade</CascadeAssign>
      <CascadeDelete>NoCascade</CascadeDelete>
      <CascadeArchive>NoCascade</CascadeArchive>
      <CascadeReparent>NoCascade</CascadeReparent>
      <CascadeShare>NoCascade</CascadeShare>
      <CascadeUnshare>NoCascade</CascadeUnshare>
      <ReferencingAttributeName>OwningUser</ReferencingAttributeName>
      <RelationshipDescription>
        <Descriptions>
          <Description description="Unique identifier for the user that owns the record." languagecode="1033" />
        </Descriptions>
      </RelationshipDescription>
    </EntityRelationship>
  </EntityRelationships>
  <OrganizationSettings />
  <optionsets />
  <CustomControls />
  <EntityDataProviders />
  <CanvasApps>
    <CanvasApp>
      <Name>new_covidstatstrackerapp_facb5</Name>
      <AppVersion>2024-08-18T12:14:09Z</AppVersion>
      <Status>Ready</Status>
      <CreatedByClientVersion>3.24081.10.0</CreatedByClientVersion>
      <MinClientVersion>3.24081.10.0</MinClientVersion>
      <Tags>{"primaryDeviceWidth":"1366","primaryDeviceHeight":"768","supportsPortrait":"true","supportsLandscape":"true","primaryFormFactor":"Tablet","showStatusBar":"false","publisherVersion":"3.24081.10","minimumRequiredApiVersion":"2.2.0","hasComponent":"false","hasUnlockedComponent":"false","isUnifiedRootApp":"false","sienaVersion":"20240818T121409Z-3.24081.10.0"}</Tags>
      <IsCdsUpgraded>0</IsCdsUpgraded>
      <GalleryItemId xsi:nil="true"></GalleryItemId>
      <BackgroundColor>RGBA(0,176,240,1)</BackgroundColor>
      <DisplayName>COVID Stats Tracker App</DisplayName>
      <Description xsi:nil="true"></Description>
      <CommitMessage xsi:nil="true"></CommitMessage>
      <Publisher xsi:nil="true"></Publisher>
      <AuthorizationReferences>[]</AuthorizationReferences>
      <ConnectionReferences>{}</ConnectionReferences>
      <DatabaseReferences>{}</DatabaseReferences>
      <AppComponents>[]</AppComponents>
      <AppComponentDependencies>[]</AppComponentDependencies>
      <CanConsumeAppPass>1</CanConsumeAppPass>
      <CanvasAppType>0</CanvasAppType>
      <BypassConsent>0</BypassConsent>
      <AdminControlBypassConsent>0</AdminControlBypassConsent>
      <EmbeddedApp xsi:nil="true"></EmbeddedApp>
      <IntroducedVersion>1.0</IntroducedVersion>
      <CdsDependencies>{"cdsdependencies":[]}</CdsDependencies>
      <IsCustomizable>1</IsCustomizable>
      <BackgroundImageUri>/CanvasApps/new_covidstatstrackerapp_facb5_BackgroundImageUri</BackgroundImageUri>
      <DocumentUri>/CanvasApps/new_covidstatstrackerapp_facb5_DocumentUri.msapp</DocumentUri>
      <AdditionalUris>
        <AdditionalUri>/CanvasApps/new_covidstatstrackerapp_facb5_AdditionalUris0_identity.json</AdditionalUri>
      </AdditionalUris>
    </CanvasApp>
  </CanvasApps>
  <Languages>
    <Language>1033</Language>
  </Languages>
</ImportExportXml>